{"cameraMode":{"drawMode":0,"name":"Shaded","section":"Shading Mode"},"sceneLighting":true,"audioPlay":false,"sceneViewState":{"m_AlwaysRefresh":false,"showFog":true,"showSkybox":true,"showFlares":true,"showImageEffects":true,"showParticleSystems":true,"showVisualEffectGraphs":true,"m_FxEnabled":true},"in2DMode":false,"pivot":{"x":20.313552856445314,"y":-0.8654594421386719,"z":-12.173808097839356},"rotation":{"x":-0.02091204561293125,"y":-0.9672579765319824,"z":0.23824411630630494,"w":-0.08495490998029709},"size":576.4032592773438,"orthographic":false}